slug,title,author
Ultimate C And Net Development Build Your Own Bundle,The MVVM Pattern in .NET MAUI," Nijs,  Ortinau"
Ultimate C And Net Development Build Your Own Bundle,Clean Code with C# ,Jason Alls
Ultimate C And Net Development Build Your Own Bundle,Refactoring with C#,"Matt Eland, Steve Smith"
Ultimate C And Net Development Build Your Own Bundle,.NET MAUI Cross-Platform Application Development,Roger Ye
Ultimate C And Net Development Build Your Own Bundle,.NET MAUI for C# Developers,"Jesse Liberty,  Juarez"
Ultimate C And Net Development Build Your Own Bundle,Microservices Communication in .NET Using gRPC, Sazanavets
Ultimate C And Net Development Build Your Own Bundle,Implementing Event-Driven Microservices Architecture in .NET 7,"Joshua Garverick, Omar Dean McIver"
Ultimate C And Net Development Build Your Own Bundle,Microservices Design Patterns in .NET,Trevoir Williams
Ultimate C And Net Development Build Your Own Bundle,A Developer's Guide to .NET in Azure," Parameswaran, Tamir Al Balkhi"
Ultimate C And Net Development Build Your Own Bundle,C# 10 and .NET 6 – Modern Cross-Platform Development,Mark J.  Price
Ultimate C And Net Development Build Your Own Bundle,C# 12 and .NET 8 – Modern Cross-Platform Development Fundamentals,Mark J.  Price
Ultimate C And Net Development Build Your Own Bundle,C# Data Structures and Algorithms,Marcin Jamro
Ultimate C And Net Development Build Your Own Bundle,C# Interview Guide,Konstantin Semenenko
Ultimate C And Net Development Build Your Own Bundle,Enterprise Application Development with C# 10 and .NET 6,"Ravindra Akella, Arun Kumar Tamirisa ,  Kumar Kunani"
Ultimate C And Net Development Build Your Own Bundle,Hands-On Network Programming with C# and .NET Core,Sean Burns
Ultimate C And Net Development Build Your Own Bundle,Hands-On Object-Oriented Programming with C#,"Abhishek Sur,  Taher"
Ultimate C And Net Development Build Your Own Bundle,High-Performance Programming in C# and .NET,Jason Alls
Ultimate C And Net Development Build Your Own Bundle,Parallel Programming and Concurrency with C# 10 and .NET 6,Alvin Ashcraft
Ultimate C And Net Development Build Your Own Bundle,Pragmatic Test-Driven Development in C# and .NET,Adam Tibi
Ultimate C And Net Development Build Your Own Bundle,Real-World Implementation of C# Design Patterns,Bruce M. Van Horn II
Ultimate C And Net Development Build Your Own Bundle,Software Architecture with C# 10 and .NET 6 - Third Edition,"Gabriel Baptista, Francesco Abbruzzese"
Ultimate C And Net Development Build Your Own Bundle,The C# Workshop,"Jason Hales, Almantas Karpavicius, Mateus Viegas"
Ultimate Business Security Testing Build Your Own Bundle,The Ultimate Kali Linux Book - Third Edition,Glen D. Singh
Ultimate Business Security Testing Build Your Own Bundle,"Microsoft Security, Compliance, and Identity Fundamentals Exam Ref SC-900","Dwayne Natwick, Sonia Cuff"
Ultimate Business Security Testing Build Your Own Bundle,CCSP (ISC)2 Certified Cloud Security Professional Exam Guide,"Omar A. Turner, Navya Lakshmana"
Ultimate Business Security Testing Build Your Own Bundle,Cybersecurity Architect's Handbook,Lester Nichols
Ultimate Business Security Testing Build Your Own Bundle,Malware Development for Ethical Hackers,Zhassulan Zhussupov
Ultimate Business Security Testing Build Your Own Bundle,Effective Threat Investigation for SOC Analysts,Mostafa Yahia
Ultimate Business Security Testing Build Your Own Bundle,Cybersecurity Strategies and Best Practices,Milad Aslaner
Ultimate Business Security Testing Build Your Own Bundle,Executive's Cybersecurity Program Handbook,Jason Brown
Ultimate Business Security Testing Build Your Own Bundle,Pentesting Industrial Control Systems,Paul Smith
Ultimate Business Security Testing Build Your Own Bundle,The Vulnerability Researcher's Handbook,Benjamin Strout
Ultimate Business Security Testing Build Your Own Bundle,The Foundations of Threat Hunting,"Chad Maurice, Jeremy Thompson, William Copeland"
Ultimate Business Security Testing Build Your Own Bundle,Practical Hardware Pentesting,Jean-Georges Valle
Ultimate Business Security Testing Build Your Own Bundle,Building and Automating Penetration Testing Labs in the Cloud,Joshua Arvin Lat
Ultimate Business Security Testing Build Your Own Bundle,Cybersecurity Blue Team Strategies,"Kunal Sehgal, Nikolaos Thymianis "
Ultimate Business Security Testing Build Your Own Bundle,Keycloak - Identity and Access Management for Modern Applications - Second Edition,"Stian Thorgersen, Pedro Igor Silva"
Ultimate Business Security Testing Build Your Own Bundle,Practical Threat Detection Engineering,"Megan Roddie, Jason Deyalsingh, Gary J. Katz"
Ultimate Business Security Testing Build Your Own Bundle,Automotive Cybersecurity Engineering Handbook,Dr. Ahmad MK Nasser
Ultimate Business Security Testing Build Your Own Bundle,Microsoft Defender for Endpoint in Depth,"Paul Huijbregts, Joe Anich, Justen Graves"
Ultimate Business Security Testing Build Your Own Bundle,IoT and OT Security Handbook,"Smita Jain, Vasantha Lakshmi, Dr Rohini Srivathsa"
Ultimate Business Security Testing Build Your Own Bundle,Cryptography Algorithms - Second Edition,Massimo Bertaccini
Ultimate Business Security Testing Build Your Own Bundle,PowerShell for Penetration Testing,"Dr. Andrew Blyth, Campbell Murray"
Ultimate Business Security Testing Build Your Own Bundle,Microsoft 365 Identity and Services Exam Guide MS-100,Aaron Guilmette
Networking Bundle 2 Nd Edition,Mastering Active Directory - Third Edition,Dishan Francis
Networking Bundle 2 Nd Edition,Network Automation Cookbook,Karim Okasha
Networking Bundle 2 Nd Edition,Mastering pfSense - Second Edition,David Zientara
Networking Bundle 2 Nd Edition,Mastering Palo Alto Networks - Second Edition,"Tom Piens Aka 'Reaper', Kim Wens aka 'kiwi'"
Networking Bundle 2 Nd Edition,Mastering Windows Server 2019 - Third Edition,Jordan Krause
Networking Bundle 2 Nd Edition,Linux for Networking Professionals,Rob VandenBrink
Networking Bundle 2 Nd Edition,Zabbix 6 IT Infrastructure Monitoring Cookbook - Second Edition,"Nathan Liefting, Brian van Baekel, Dmitry Lambert"
Networking Bundle 2 Nd Edition,Hands-On Network Programming with C,Lewis Van Winkle
Networking Bundle 2 Nd Edition,Google Cloud Certified Professional Cloud Network Engineer Guide,"Maurizio Ipsale, Mirko Gilioli"
Networking Bundle 2 Nd Edition,Network Automation with Go,"Nicolas Leiva, Michael Kashin"
Networking Bundle 2 Nd Edition,Learn Wireshark - Second Edition,Lisa Bock
Networking Bundle 2 Nd Edition,Red Hat Certified Specialist in Services Management and Automation EX358 Exam Guide,"Eric McLeroy, Peter Sprygada"
Networking Bundle 2 Nd Edition,Designing and Implementing Microsoft Azure Networking Solutions,David Okeyode
Networking Bundle 2 Nd Edition,Advanced Network Simulations Simplified,Dr Anil Kumar Rangisetti
Ultimate Machine Learning And Ai Build Your Own Bundle,Machine Learning with PyTorch and Scikit-Learn,"Sebastian Raschka, Yuxi (Hayden) Liu, Vahid Mirjalili"
Ultimate Machine Learning And Ai Build Your Own Bundle,Unity Artificial Intelligence Programming - Fifth Edition,Dr. Davide Aversa
Ultimate Machine Learning And Ai Build Your Own Bundle,Graph Machine Learning,"Claudio Stamile, Aldo Marzullo, Enrico Deusebio"
Ultimate Machine Learning And Ai Build Your Own Bundle,Hands-On Genetic Algorithms with Python,Eyal Wirsansky
Ultimate Machine Learning And Ai Build Your Own Bundle,Generative AI with Python and TensorFlow 2,"Joseph Babcock, Raghav Bali"
Ultimate Machine Learning And Ai Build Your Own Bundle,Artificial Intelligence with Python Cookbook,Ben Auffarth
Ultimate Machine Learning And Ai Build Your Own Bundle,Hands-On Artificial Intelligence with Unreal Engine,Francesco Sapio
Ultimate Machine Learning And Ai Build Your Own Bundle,Hands-On Reinforcement Learning for Games,Micheal Lanham
Ultimate Machine Learning And Ai Build Your Own Bundle,Python Machine Learning by Example - Third Edition,Yuxi (Hayden) Liu
Ultimate Machine Learning And Ai Build Your Own Bundle,Hands-On Artificial Intelligence for Cybersecurity,Alessandro Parisi
Ultimate Machine Learning And Ai Build Your Own Bundle,AI-Powered Commerce,"Andy Pandharikar, Frederik Bussler"
Ultimate Machine Learning And Ai Build Your Own Bundle,Debugging Machine Learning Models with Python,"Ali Madani, Stephen MacKinnon"
Ultimate Machine Learning And Ai Build Your Own Bundle,Artificial Intelligence with Python - Second Edition,Prateek Joshi
Ultimate Machine Learning And Ai Build Your Own Bundle,Mastering Machine Learning Algorithms - Second Edition,Giuseppe Bonaccorso
Ultimate Machine Learning And Ai Build Your Own Bundle,The AI Product Manager's Handbook,Irene Bratsis
Ultimate Machine Learning And Ai Build Your Own Bundle,TinyML Cookbook,"Gian Marco Iodice, Ronan Naughton"
Ultimate Machine Learning And Ai Build Your Own Bundle,Reproducible Data Science with Pachyderm,Svetlana Karslioglu
Ultimate Machine Learning And Ai Build Your Own Bundle,Machine Learning with R - Fourth Edition,Brett Lantz
Ultimate Machine Learning And Ai Build Your Own Bundle,Machine Learning at Scale with H2O,"Gregory Keys, David Whiting"
Ultimate Machine Learning And Ai Build Your Own Bundle,The Machine Learning Solutions Architect Handbook,David Ping
Ultimate Machine Learning And Ai Build Your Own Bundle,Platform and Model Design for Responsible AI,"Amita Kapoor, Sharmistha Chatterjee"
Ultimate Machine Learning And Ai Build Your Own Bundle,Python Data Analysis - Third Edition,"Avinash Navlani, Armando Fandango, Ivan Idris"
Ultimate Machine Learning And Ai Build Your Own Bundle,AI Crash Course,Hadelin de Ponteves
Ultimate Machine Learning And Ai Build Your Own Bundle,Responsible AI in the Enterprise,"Adnan Masood, Heather Dawe, Ed Price"
Ultimate Machine Learning And Ai Build Your Own Bundle,Procedural Content Generation for Unity Game Development,Ryan Watkins
Ultimate Python Computing Build Your Own Bundle,Mastering Python - Second Edition,Rick van Hattem
Ultimate Python Computing Build Your Own Bundle,Clean Code in Python - Second Edition,Mariano Anaya
Ultimate Python Computing Build Your Own Bundle,Learn Python Programming - Third Edition,"Fabrizio Romano, Heinrich Kruger"
Ultimate Python Computing Build Your Own Bundle,Python GUI Programming with Tkinter - Second Edition,Alan D. Moore
Ultimate Python Computing Build Your Own Bundle,Expert Python Programming,"Micha? Jaworski, Tarek Ziad"
Ultimate Python Computing Build Your Own Bundle,Advanced Python Programming,Quan Nguyen
Ultimate Python Computing Build Your Own Bundle,Dancing with Python,Robert S. Sutor
Ultimate Python Computing Build Your Own Bundle,Crafting Test-Driven Software with Python,Alessandro Molina
Ultimate Python Computing Build Your Own Bundle,Python for Geeks,Muhammad Asif
Ultimate Python Computing Build Your Own Bundle,Metaprogramming with Python,Sulekha AloorRavi
Ultimate Python Computing Build Your Own Bundle,Hands-On Data Structures and Algorithms with Python,Dr. Basant Agarwal
Ultimate Python Computing Build Your Own Bundle,Functional Python Programming,"Steven F. Lott, Ricardo Banffy"
Ultimate Python Computing Build Your Own Bundle,The Python Workshop,"Corey Wade, Mario Corchero Jim�nez, Andrew Bird"
Ultimate Python Computing Build Your Own Bundle,Open Source Projects - Beyond Code,John Mertic
Ultimate Python Computing Build Your Own Bundle,Python Real-World Projects,Steven F. Lott
Ultimate Python Computing Build Your Own Bundle,Advanced Deep Learning with Python,Ivan Vasilev
Ultimate Python Computing Build Your Own Bundle,Python Deep Learning - Second Edition,"Ivan Vasilev, Daniel Slater, Gianmario Spacagna"
Ultimate Python Computing Build Your Own Bundle,Hands-On Deep Learning Algorithms with Python,Sudharsan Ravichandiran
Ultimate Python Computing Build Your Own Bundle,Hands-On Deep Learning Architectures with Python,"Yuxi (Hayden) Liu, Saransh Mehta"
Ultimate Python Computing Build Your Own Bundle,Hands-On Python Deep Learning for the Web,"Anubhav Singh, Sayak Paul"
Ultimate Python Computing Build Your Own Bundle,Deep Reinforcement Learning Hands-On,Maxim Lapan
Ultimate Python Computing Build Your Own Bundle,Exploring Deepfakes,"Bryan Lyon, Matt Tora"
Ultimate Python Computing Build Your Own Bundle,The Deep Learning Architect's Handbook,Ee Kin Chin
Ultimate Python Computing Build Your Own Bundle,Enhancing Deep Learning with Bayesian Inference,"Matt Benatan, Jochem Gietema, Marian Schneider"
Ultimate Python Computing Build Your Own Bundle,Practical Deep Learning at Scale with MLflow,"Yong Liu, Dr. Matei Zaharia"
Ultimate Python Computing Build Your Own Bundle,Production-Ready Applied Deep Learning,"Tomasz Palczewski, Jaejun (Brandon) Lee, Lenin Mookiah"
Ultimate Python Computing Build Your Own Bundle,Deep Learning for Genomics,Upendra Kumar Devisetty
Blender Computer Animation Bundle 4 Th Edition,Sculpting the Blender Way,Xury Greer
Blender Computer Animation Bundle 4 Th Edition,Blender 3D By Example - Second Edition,"Oscar Baechler, Xury Greer"
Blender Computer Animation Bundle 4 Th Edition,Mind-Melding Unity and Blender for 3D Game Development,Spencer Grey
Blender Computer Animation Bundle 4 Th Edition,Game Development with Blender and Godot,Kumsal Obuz
Blender Computer Animation Bundle 4 Th Edition,Blender 3D Incredible Models,Arijan Belec
Blender Computer Animation Bundle 4 Th Edition,"Shading, Lighting, and Rendering with Blender EEVEE",Sammie Crowder
Blender Computer Animation Bundle 4 Th Edition,Taking Blender to the Next Level,Ruan Lotter
Blender Computer Animation Bundle 4 Th Edition,Learn Blender Simulations the Right Way,Stephen Pearson
Blender Computer Animation Bundle 4 Th Edition,Python Scripting in Blender,Paolo Acampora
Blender Computer Animation Bundle 4 Th Edition,Squeaky Clean Topology in Blender,Michael Steppig
Blender Computer Animation Bundle 4 Th Edition,3D Environment Design with Blender,"Abdelilah Hamdani, Carlos Barreto"
Blender Computer Animation Bundle 4 Th Edition,Blender 3D Asset Creation for the Metaverse,Vinicius Machado Ven�ncio
Blender Computer Animation Bundle 4 Th Edition,Procedural 3D Modeling Using Geometry Nodes in Blender,"Siemen Lens, Wouter Adriaensen"
Blender Computer Animation Bundle 4 Th Edition,Photorealistic Materials and Textures in Blender Cycles - Fourth Edition,Arijan Belec
Security And Cloud Certification Build Your Own Bundle,Google Cloud Digital Leader Certification Guide,Bruno Beraldo Rodrigues
Security And Cloud Certification Build Your Own Bundle,Google Cloud Associate Cloud Engineer Certification and Implementation Guide,"Agnieszka Koziorowska, Wojciech Marusiak"
Security And Cloud Certification Build Your Own Bundle,CompTIA CASP+ CAS-004 Certification Guide,Mark Birch
Security And Cloud Certification Build Your Own Bundle,HashiCorp Terraform Associate (003) Exam Guide,"Chandra Mohan Dhanasekaran, Manjunath H. Gowda"
Security And Cloud Certification Build Your Own Bundle,Exam Ref AZ-104 Microsoft Azure Administrator Certification and Beyond - Second Edition,"Riaan Lowe, Donovan Kelly"
Security And Cloud Certification Build Your Own Bundle,Microsoft Information Protection Administrator SC-400 Certification Guide,"Shabaz Darr, Viktor Hedberg, Simon Binder"
Security And Cloud Certification Build Your Own Bundle,Microsoft 365 Administrator MS-102 Exam Guide,Aaron Guilmette
Security And Cloud Certification Build Your Own Bundle,The Cybersecurity Playbook for Modern Enterprises,Jeremy Wittkop
Security And Cloud Certification Build Your Own Bundle,Microsoft Azure Fundamentals Certification and Beyond - Second Edition,"Steve Miles, Peter De Tender"
Security And Cloud Certification Build Your Own Bundle,Microsoft 365 Certified Fundamentals MS-900 Exam Guide - Third Edition,"Aaron Guilmette, Yura Lee, Marcos Zanre"
Security And Cloud Certification Build Your Own Bundle,AWS Certified Database - Specialty (DBS-C01) Certification Guide,Kate Gawron
Security And Cloud Certification Build Your Own Bundle,AWS Certified Developer Associate Certification and Beyond,"Rajesh Daswani, Dorian Richard"
Security And Cloud Certification Build Your Own Bundle,Developing Solutions for Microsoft Azure AZ-204 Exam Guide - Second Edition,"Paul Ivey, Alex Ivanov"
Security And Cloud Certification Build Your Own Bundle,AWS Certified Solutions Architect - Professional Exam Guide (SAP-C02),"Patrick Sard, Yohan Wadia"
Security And Cloud Certification Build Your Own Bundle,Azure Data Engineer Associate Certification Guide - Second Edition,"Giacinto Palmieri, Surendra Mettapalli, Newton Alex"
Security And Cloud Certification Build Your Own Bundle,Becoming a Salesforce Certified Technical Architect - Second Edition,Tameem Bahri
Security And Cloud Certification Build Your Own Bundle,Tableau Certified Data Analyst Certification Guide,"Harry Cooney, Daisy Jones"
Security And Cloud Certification Build Your Own Bundle,Microsoft Security Operations Analyst Exam Ref SC-200 Certification Guide,"Trevor Stuart, Joe Anich"
Security And Cloud Certification Build Your Own Bundle,AWS Certified Machine Learning - Specialty (MLS-C01) Certification Guide - Second Edition,"Somanath Nanda, Weslley Moura"
Security And Cloud Certification Build Your Own Bundle,AWS Certified Security - Specialty (SCS-C02) Exam Guide - Second Edition,"Adam Book, Stuart Scott"
Ultimate Game Devs Build Your Own Bundle,Creating an RTS Game in Unity 2023,Bruno Cicanci
Ultimate Game Devs Build Your Own Bundle,Coding Roblox Games Made Easy,Zander Brumbaugh
Ultimate Game Devs Build Your Own Bundle,Godot 4 Game Development Cookbook,Jeff Johnson
Ultimate Game Devs Build Your Own Bundle,Godot 4 Game Development Projects,Chris Bradfield
Ultimate Game Devs Build Your Own Bundle,Godot Engine Game Development Projects,Chris Bradfield
Ultimate Game Devs Build Your Own Bundle,The Essential Guide to Creating Multiplayer Games with Godot 4.0,"Henrique Campos, Nathan Lovato"
Ultimate Game Devs Build Your Own Bundle,Beginning C++ Game Programming - Second Edition,John Horton
Ultimate Game Devs Build Your Own Bundle,Game Development Patterns with Unity 2021 - Second Edition,David Baron
Ultimate Game Devs Build Your Own Bundle,Learning C# by Developing Games with Unity 2021 - Sixth Edition,Harrison Ferrone
Ultimate Game Devs Build Your Own Bundle,Unity 2022 Mobile Game Development,John P. Doran
Ultimate Game Devs Build Your Own Bundle,Mind-Melding Unity and Blender for 3D Game Development,Spencer Grey
Ultimate Game Devs Build Your Own Bundle,Unity Game Optimization - Third Edition,"Dr. Davide Aversa, Chris Dickinson"
Ultimate Game Devs Build Your Own Bundle,Hands-On Unity 2021 Game Development - Second Edition,Nicolas Alejandro Borromeo
Ultimate Game Devs Build Your Own Bundle,Game Development with Unity for .NET Developers,"Jiadong Chen, Ed Price"
Ultimate Game Devs Build Your Own Bundle,Unity 3D Game Development,"Anthony Davis, Travis Baptiste, Russell Craig"
Ultimate Game Devs Build Your Own Bundle,Hands-On Unity 2022 Game Development - Third Edition,Nicolas Alejandro Borromeo
Ultimate Game Devs Build Your Own Bundle,Learning C# by Developing Games with Unity - Seventh Edition,Harrison Ferrone
Ultimate Game Devs Build Your Own Bundle,Game Development Projects with Unreal Engine,"Hammad Fozi, Gon�alo Marques, David Pereira"
Ultimate Game Devs Build Your Own Bundle,Build Stunning Real-time VFX with Unreal Engine 5,Hrishikesh Andurlekar
Ultimate Game Devs Build Your Own Bundle,Multiplayer Game Development with Unreal Engine 5,Marco Secchi
Ultimate Game Devs Build Your Own Bundle,Unreal Engine 5 Game Development with C++ Scripting,"ZHENYU GEORGE LI, Dr. E. Wyn Roberts"
Ultimate Game Devs Build Your Own Bundle,"Unreal Engine 5 Character Creation, Animation, and Cinematics","Henk Venter, Wilhelm Ogterop"
Ultimate Game Devs Build Your Own Bundle,Blueprints Visual Scripting for Unreal Engine 5 - Third Edition,"Marcos Romero, Brenden Sewell, Luis Cataldi"
Ultimate Game Devs Build Your Own Bundle,Reimagining Characters with Unreal Engine's MetaHuman Creator,"Brian Rossney, Ciaran Kavanagh"
Ultimate Game Devs Build Your Own Bundle,Elevating Game Experiences with Unreal Engine 5 - 2nd Edition,"Gonçalo Marques, Devin Sherry, David Pereira, Hammad Fozi"
Ultimate Game Devs Build Your Own Bundle,Game Development with Blender and Godot,Kumsal Obuz
C 4 Th Edition Bundle,Modern CMake for C++,Rafa? ?widzi?ski
C 4 Th Edition Bundle,Modern C++ Programming Cookbook - Second edition,Marius Bancila
C 4 Th Edition Bundle,Software Architecture with C++,"Adrian Ostrowski, Piotr Gaczkowski"
C 4 Th Edition Bundle,Cross-Platform Development with Qt 6 and Modern C++,Nibedit Dey
C 4 Th Edition Bundle,Hands-On Machine Learning with C++,Kirill Kolodiazhnyi
C 4 Th Edition Bundle,Hands-On C++ Game Animation Programming,Gabor Szauer
C 4 Th Edition Bundle,C++ Game Animation Programming,"Michael Dunsky, Gabor Szauer"
C 4 Th Edition Bundle,Expert C++ Second Edition,"Marcelo Guerra Hahn, Araks Tigranyan, John Asatryan, Vardan Grigoryan, Shunguang Wu"
C 4 Th Edition Bundle,Unreal Engine 5 Game Development with C++ Scripting,"ZHENYU GEORGE LI, Dr. E. Wyn Roberts"
C 4 Th Edition Bundle,Hands-On Design Patterns with C++ Second Edition,Fedor G. Pikus
C 4 Th Edition Bundle,Building Low Latency Applications with C++,Sourav Ghosh
C 4 Th Edition Bundle,C++ Programming for Linux Systems,"Desislav Andreev, Stanimir Lukanov, Milena Lazarova"
C 4 Th Edition Bundle,Test-Driven Development with C++,Abdul Wahid Tanner
Cybersecurity Bundle 4 Th Edition,CompTIA Security+: SY0-601 Certification Guide - Second Edition,Ian Neil
Cybersecurity Bundle 4 Th Edition,Cybersecurity Career Master Plan,"Dr. Gerald Auger, Jaclyn �Jax� Scott, Jonathan Helmus"
Cybersecurity Bundle 4 Th Edition,Adversarial Tradecraft in Cybersecurity,Dan Borges
Cybersecurity Bundle 4 Th Edition,Industrial Cybersecurity - Second Edition,Pascal Ackerman
Cybersecurity Bundle 4 Th Edition,Practical Cybersecurity Architecture,"Ed Moyle, Diana Kelley"
Cybersecurity Bundle 4 Th Edition,Ghidra Software Reverse Engineering for Beginners,A. P. David
Cybersecurity Bundle 4 Th Edition,Mastering Defensive Security,"Cesar Bravo, Darren Kitchen"
Cybersecurity Bundle 4 Th Edition,Hack the Cybersecurity Interview,"Ken Underhill, Christophe Foulon, Tia Hopkins"
Cybersecurity Bundle 4 Th Edition,Cybersecurity Attack and Defense Strategies - Third Edition,"Yuri Diogenes, Dr. Erdal Ozkaya"
Cybersecurity Bundle 4 Th Edition,Keycloak - Identity and Access Management for Modern Applications - Second Edition,"Stian Thorgersen, Pedro Igor Silva"
Cybersecurity Bundle 4 Th Edition,"Cybersecurity Threats, Malware Trends, and Strategies - Second Edition","Tim Rains, Timothy Youngblood"
Cybersecurity Bundle 4 Th Edition,Effective Threat Investigation for SOC Analysts,Mostafa Yahia
Data Science Bundle 3 Rd Edition,Snowflake Cookbook,"Hamid Mahmood Qureshi, Hammad Sharif"
Data Science Bundle 3 Rd Edition,Practical Data Science with Python,Nathan Christopher George
Data Science Bundle 3 Rd Edition,Data Analytics Made Easy,"Andrea De Mauro, Francesco Marzoni, Andrew J. Walter"
Data Science Bundle 3 Rd Edition,Cleaning Data for Effective Data Science,David Mertz
Data Science Bundle 3 Rd Edition,Modern Data Architectures with Python,Brian Lipp
Data Science Bundle 3 Rd Edition,Data Augmentation with Python,Duc Haba
Data Science Bundle 3 Rd Edition,Streamlit for Data Science - Second Edition,"Tyler Richards, Adrien Treuille"
Data Science Bundle 3 Rd Edition,Applied Geospatial Data Science with Python,David S. Jordan
Data Science Bundle 3 Rd Edition,Causal Inference and Discovery in Python,"Aleksander Molak, Ajit Jaokar"
Data Science Bundle 3 Rd Edition,Data Science for Web3,"Gabriela Castillo Areco, Jos� Dahlquist"
Data Science Bundle 3 Rd Edition,Building Data Science Applications with FastAPI - Second Edition,Fran�ois Voron
Data Science Bundle 3 Rd Edition,Forecasting Time Series Data with Prophet - Second Edition,Greg Rafferty
Data Science Bundle 3 Rd Edition,Building Data Science Solutions with Anaconda,"Dan Meador, Kevin Goldsmith"
Data Science Bundle 3 Rd Edition,Intelligent Document Processing with AWS AI/ML ,Sonali Sahu
Data Science Bundle 3 Rd Edition,The Art of Data-Driven Business,Alan Bernardo Palacio
Ultimate Cloud Computing Build Your Own Bundle,Mastering Azure Virtual Desktop,"Ryan Mangan, Jim Moyle"
Ultimate Cloud Computing Build Your Own Bundle,Microsoft 365 Certified Fundamentals MS-900 Exam Guide - Second Edition,"Aaron Guilmette, Yura Lee, Marcos Zanre"
Ultimate Cloud Computing Build Your Own Bundle,Microsoft Azure Fundamentals Certification and Beyond,"Steve Miles, Peter De Tender"
Ultimate Cloud Computing Build Your Own Bundle,Kubernetes - An Enterprise Guide - Second Edition,"Marc Boorshtein, Scott Surovich"
Ultimate Cloud Computing Build Your Own Bundle,Azure Active Directory for Secure Application Development,Sjoukje Zaal
Ultimate Cloud Computing Build Your Own Bundle,The Road to Azure Cost Governance,"Paola E. Annis, Giuliano Caglio, Marco Barra Caracciolo"
Ultimate Cloud Computing Build Your Own Bundle,Cloud Security Handbook,Eyal Estrin
Ultimate Cloud Computing Build Your Own Bundle,Professional Cloud Architect Google Cloud Certification Guide - Second Edition,"Konrad C?apa, Brian Gerrard, Yujun Liang"
Ultimate Cloud Computing Build Your Own Bundle,Multi-Cloud Architecture and Governance,Jeroen Mulder
Ultimate Cloud Computing Build Your Own Bundle,Mastering Proxmox - Third Edition,Wasim Ahmed
Ultimate Cloud Computing Build Your Own Bundle,Infrastructure as Code with Azure Bicep,"Yaser Adel Mehraban, John Downs, Edmondo Rosini"
Ultimate Cloud Computing Build Your Own Bundle,The Definitive Guide to Modernizing Applications on Google Cloud,"Steve (Satish) Sangapu, Dheeraj Panyam, Jason Marston"
Ultimate Cloud Computing Build Your Own Bundle,AWS CDK in Practice,"Mark Avdi, Leo Lam"
Ultimate Cloud Computing Build Your Own Bundle,Computer Vision on AWS,"Lauren Mullennex, Nate Bachmeier, Jay Rao"
Generative Ai And Llm Bundle,Automate It with Zapier and Generative AI - Second Edition,"Kelly Goss, Philip Lakin"
Generative Ai And Llm Bundle,Building AI Applications with ChatGPT APIs,Martin Yanev
Generative Ai And Llm Bundle,Building LLM Powered Applications,Valentina Alto
Generative Ai And Llm Bundle,ChatGPT for Accelerating Salesforce Development,"Andy Forbes, Philip Safir, Joseph Kubon"
Generative Ai And Llm Bundle,Generating Creative Images With DALL-E 3,Holly Picano
Generative Ai And Llm Bundle,Generative AI for Cloud Solutions,"Paul Singh, Anurag Karuparti, John Maeda"
Generative Ai And Llm Bundle,Generative AI with LangChain,Ben Auffarth
Generative Ai And Llm Bundle,Generative AI with Python and TensorFlow 2,"Joseph Babcock, Raghav Bali"
Generative Ai And Llm Bundle,Mastering NLP from Foundations to LLMs,"Lior Gazit, Meysam  Ghaffari, Asha Saxena"
Generative Ai And Llm Bundle,Modern Generative AI with ChatGPT and OpenAI Models,Valentina Alto
Generative Ai And Llm Bundle,Pretrain Vision and Large Language Models in Python,"Emily Webber, Andrea Olgiati"
Generative Ai And Llm Bundle,The Future of Finance with ChatGPT and Power BI,"James Bryant, Aloke Mukherjee"
Ultimate Business Computing Build Your Own Bundle,Mastering Windows Group Policy,Jordan Krause
Ultimate Business Computing Build Your Own Bundle,"Windows Server Automation with PowerShell Cookbook, Fifth Edition",Thomas Lee
Ultimate Business Computing Build Your Own Bundle,Red Hat Enterprise Linux 9 Administration,"Pablo Iranzo Gómez, Pedro Ibañez, Miguel Pérez Colino"
Ultimate Business Computing Build Your Own Bundle,Software Architecture Patterns for Serverless Systems,"Ed Price, John Gilbert"
Ultimate Business Computing Build Your Own Bundle,Software Architecture with C++,"Adrian Ostrowski, Piotr Gaczkowski"
Ultimate Business Computing Build Your Own Bundle,Mastering ABP Framework,"Halil İbrahim Kalkan, İsmail ÇAĞDAŞ"
Ultimate Business Computing Build Your Own Bundle,Hands-On Software Architecture with Java,Giuseppe Bonocore
Ultimate Business Computing Build Your Own Bundle,gRPC Go for Professionals,Clément Jean
Ultimate Business Computing Build Your Own Bundle,Azure Data Engineer Associate Certification Guide,Newton Alex
Ultimate Business Computing Build Your Own Bundle,Data Lakehouse in Action,Pradeep Menon
Ultimate Business Computing Build Your Own Bundle,Essential PySpark for Scalable Data Analytics,Sreeram Nudurupati
Ultimate Business Computing Build Your Own Bundle,Hands-On Data Preprocessing in Python,Roy Jafari
Ultimate Business Computing Build Your Own Bundle,Scalable Data Analytics with Azure Data Explorer,"Jason Myerscough, Arunee Singhchawla"
Ultimate Business Computing Build Your Own Bundle,Simplify Big Data Analytics with Amazon EMR,Sakti Mishra
Ultimate Business Computing Build Your Own Bundle,Learn Power BI,Gregory Deckler
Ultimate Business Computing Build Your Own Bundle,Microsoft Power BI Cookbook - Second Edition,"Gregory Deckler, Brett Powell"
Ultimate Business Computing Build Your Own Bundle,Extreme DAX,"Michiel Rozema, Henk Vlootman"
Ultimate Business Computing Build Your Own Bundle,Extending Power BI with Python and R,"Luca Zavarella, Francesca Lazzeri"
Ultimate Business Computing Build Your Own Bundle,Actionable Insights with Amazon QuickSight,Manos Samatas
Ultimate Business Computing Build Your Own Bundle,Business Intelligence Career Master Plan,"Eduardo Chavez, Danny Moncada, Ravi Bapna"
Ultimate Business Computing Build Your Own Bundle,Mastering PowerShell Scripting,Chris Dent
Ultimate Business Computing Build Your Own Bundle,Linux Service Management Made Easy with systemd,
Ultimate Business Computing Build Your Own Bundle,Linux Kernel Programming Part 2 - Char Device Drivers and Kernel Synchronization,Kaiwan N Billimoria
Ultimate Business Computing Build Your Own Bundle,Google Cloud for DevOps Engineers,Sandeep Madamanchi
Ultimate Business Computing Build Your Own Bundle,Linux Administration Best Practices,Scott Alan Miller
Ultimate Business Computing Build Your Own Bundle,Linux Kernel Debugging,Kaiwan N. Billimoria
Ultimate Business Computing Build Your Own Bundle,ChromeOS System Administrator's Guide,"Dr. Willie Sanders, Jr."
Working With Linux Bundle 3 Rd Edition,Architecture and Design of the Linux Storage Stack,Muhammad Umer
Working With Linux Bundle 3 Rd Edition,C++ Programming for Linux Systems,"Desislav Andreev, Stanimir Lukanov, Milena Lazarova"
Working With Linux Bundle 3 Rd Edition,Embedded Linux Development Using Yocto Project - Third Edition,"Otavio Salvador, Daiane Angolini"
Working With Linux Bundle 3 Rd Edition,Fedora Linux System Administration,Alex Callejas
Working With Linux Bundle 3 Rd Edition,Linux Command Line and Shell Scripting Techniques,"Vedran Dakic, Jasmin Redzepagic"
Working With Linux Bundle 3 Rd Edition,Linux for Networking Professionals,Rob VandenBrink
Working With Linux Bundle 3 Rd Edition,Linux for System Administrators,"Viorel Rudareanu, Daniil Baturin"
Working With Linux Bundle 3 Rd Edition,Linux Kernel Programming,Kaiwan N Billimoria
Working With Linux Bundle 3 Rd Edition,Linux Kernel Programming Part 2 - Char Device Drivers and Kernel Synchronization,Kaiwan N Billimoria
Working With Linux Bundle 3 Rd Edition,Linux System Programming Techniques,Jack-Benny Persson
Working With Linux Bundle 3 Rd Edition,Mastering Embedded Linux Programming - Third Edition,"Frank Vasquez, Chris Simmonds"
Working With Linux Bundle 3 Rd Edition,Mastering Linux Device Driver Development,John Madieu
Working With Linux Bundle 3 Rd Edition,Mastering Linux Security and Hardening - Third Edition,Donald A. Tevault
Working With Linux Bundle 3 Rd Edition,Red Hat Enterprise Linux 9 Administration - Second Edition,"Pablo Iranzo G�mez, Pedro Iba�ez, Miguel P�rez Colino"
Working With Linux Bundle 3 Rd Edition,The Linux DevOps Handbook,"Damian Wojs?aw, Grzegorz Adamowicz"
Kali Linux Bundle 3 Rd Edition,Digital Forensics with Kali Linux - Third Edition,Shiva V. N. Parasram
Kali Linux Bundle 3 Rd Edition,Hands-On AWS Penetration Testing with Kali Linux,"Karl Gilbert, Benjamin Caudill"
Kali Linux Bundle 3 Rd Edition,Kali Linux - An Ethical Hacker's Cookbook - Second Edition,Himanshu Sharma
Kali Linux Bundle 3 Rd Edition,Kali Linux Cookbook - Second Edition,"Corey P. Schultz, Bob Perciaccante"
Kali Linux Bundle 3 Rd Edition,Kali Linux Wireless Penetration Testing Beginner's Guide - Third Edition,"Cameron Buchanan, Vivek Ramachandran"
Kali Linux Bundle 3 Rd Edition,Mastering Kali Linux for Advanced Penetration Testing - Fourth Edition,Vijay Kumar Velu
Kali Linux Bundle 3 Rd Edition,The Ultimate Kali Linux Book - Second Edition,Glen D. Singh
Kali Linux Bundle 3 Rd Edition,Web Penetration Testing with Kali Linux - Third Edition,"Gilberto Najera-Gutierrez, Juned Ahmed Ansari"
Comptia And Cisco Certs Bundle,CompTIA Security+ Certification Guide,Ian Neil
Comptia And Cisco Certs Bundle,CompTIA Security+ Practice Tests SY0-501,Ian Neil
Comptia And Cisco Certs Bundle,CompTIA A+ Practice Test Core 1 (220-1101),"Ian Neil, Mark Birch"
Comptia And Cisco Certs Bundle,CCENT/CCNA: ICND1 100-105 Certification Guide,Bekim Dauti
Comptia And Cisco Certs Bundle,CompTIA A+ Practice Test Core 2 (220-1102),"Mark Birch, Ian Neil"
Comptia And Cisco Certs Bundle,CompTIA Server+ Certification Guide,Ron Price
Comptia And Cisco Certs Bundle,Implementing and Administering Cisco Solutions: 200-301 CCNA Exam Guide,Glen D. Singh
Comptia And Cisco Certs Bundle,CompTIA Data+: DAO-001 Certification Guide,Cameron Dodd
Comptia And Cisco Certs Bundle,CompTIA Project+ Certification Guide,J. Ashley Hunt
Comptia And Cisco Certs Bundle,CCNA Routing and Switching 200-125 Certification Guide,Lazaro (Laz) Diaz 
Comptia And Cisco Certs Bundle,CompTIA Linux+ Certification Guide,Philip Inshanally
Comptia And Cisco Certs Bundle,Cisco Certified CyberOps Associate 200-201 Certification Guide,Glen D. Singh
Comptia And Cisco Certs Bundle,CompTIA Network+ Certification Guide,"Glen D. Singh, Rishi Latchmepersad"
Comptia And Cisco Certs Bundle,CompTIA CASP+ CAS-004 Certification Guide,Mark Birch
Comptia And Cisco Certs Bundle,CompTIA Network+ N10-008 Certification Guide - Second Edition,Glen D. Singh
Quantum Computing Bundle,Dancing with Qubits,Robert S. Sutor
Quantum Computing Bundle,Learn Quantum Computing with Python and IBM Quantum Experience,Robert Loredo
Quantum Computing Bundle,Quantum Computing in Practice with Qiskit and IBM Quantum Experience,Hassi Norlen
Quantum Computing Bundle,Quantum Computing and Blockchain in Business,Arunkumar Krishnakumar
Quantum Computing Bundle,Quantum Computing with Silq Programming,"Srinjoy Ganguly, Thomas Cambier"
Quantum Computing Bundle,Quantum Computing Experimentation with Amazon Braket,"Alex Khan, Matthew R. Versaggi"
Quantum Computing Bundle,Quantum Chemistry and Computing for the Curious,"Keeper L. Sharkey, Alain Chanc�, Alex Khan"
Quantum Computing Bundle,Quantum Computing Algorithms,Barry Burd
Quantum Computing Bundle,A Practical Guide to Quantum Machine Learning and Quantum Optimization,"El�as F. Combarro, Samuel Gonz�lez-Castillo, Alberto Di Meglio"
Ultimate Graphics And Design Build Your Own Bundle,Increasing Autodesk Revit Productivity for BIM Projects,"Fabio Roberti, Decio Ferreira"
Ultimate Graphics And Design Build Your Own Bundle,Learn SOLIDWORKS - Second Edition,Tayseer Almattar
Ultimate Graphics And Design Build Your Own Bundle,Simplifying 3D Printing with OpenSCAD,Colin Dow
Ultimate Graphics And Design Build Your Own Bundle,Mastering SOLIDWORKS Sheet Metal,Johno Ellison
Ultimate Graphics And Design Build Your Own Bundle,Practical Finite Element Simulations with SOLIDWORKS 2022,Khameel B. Mustapha
Ultimate Graphics And Design Build Your Own Bundle,Getting Started with SketchUp Pro,David S. Sellers
Ultimate Graphics And Design Build Your Own Bundle,Improving CAD Designs with Autodesk Fusion 360,Kevin Michael Land
Ultimate Graphics And Design Build Your Own Bundle,Autodesk Inventor 2023 Cookbook,Alexander Bordino
Ultimate Graphics And Design Build Your Own Bundle,Autodesk Civil 3D 2024 from Start to Finish,"Stephen Walz, Tony Sabat"
Ultimate Graphics And Design Build Your Own Bundle,A BIM Professional's Guide to Learning Archicad,"Stefan Boeykens, Ruben Van de Walle, Dr. Arch. Eng. Pieter Pauwels"
Ultimate Graphics And Design Build Your Own Bundle,3D Printing with Fusion 360,Sualp Ozel
Ultimate Graphics And Design Build Your Own Bundle,Design Better and Build Your Brand in Canva,"Laura Goodsell, Janine Friston, Heather Palfreyman"
Ultimate Graphics And Design Build Your Own Bundle,Designing the Adobe InDesign Way,Andy Gardiner
Ultimate Graphics And Design Build Your Own Bundle,3D Printing with SketchUp - Second Edition,Aaron Dietzen aka 'The SketchUp Guy'
Ultimate Graphics And Design Build Your Own Bundle,Taking SketchUp Pro to the Next Level,Aaron Dietzen aka 'The SketchUp Guy'
Ultimate Graphics And Design Build Your Own Bundle,Express Your Creativity with Adobe Express,Rosie Sue
Ultimate Graphics And Design Build Your Own Bundle,Software Test Design,Simon Amey
Ultimate Graphics And Design Build Your Own Bundle,Build Your Own Metaverse with Unity,David Cant�n Nadales
Ultimate Graphics And Design Build Your Own Bundle,SwiftUI Cookbook - Third Edition,Juan C. Catalan
Ultimate Graphics And Design Build Your Own Bundle,Learn Clip Studio Paint - Third Edition,"Inko Ai Takita, Liz Staley"
Ultimate Graphics And Design Build Your Own Bundle,Realistic Asset Creation with Adobe Substance 3D,Zeeshan Jawed Shah
Ultimate Graphics And Design Build Your Own Bundle,Kotlin Design Patterns and Best Practices - Second Edition,"Alexey Soshin, Anton Arhipov"
Ultimate Graphics And Design Build Your Own Bundle,Python Architecture Patterns,Jaime Buelta
Ultimate Graphics And Design Build Your Own Bundle,Layered Design for Ruby on Rails Applications,Vladimir Dementyev
Ultimate Graphics And Design Build Your Own Bundle,Vue.js 3 Design Patterns and Best Practices,"Pablo David Garaguso, Olaf Zander"
Ultimate Graphics And Design Build Your Own Bundle,Hands-On Design Patterns with C++ Second Edition,Fedor G. Pikus
Ultimate Robotics Build Your Own Bundle,Learn Robotics Programming - Second Edition,Danny Staple
Ultimate Robotics Build Your Own Bundle,Mastering ROS for Robotics Programming - Third Edition,"Lentin Joseph, Jonathan Cacace"
Ultimate Robotics Build Your Own Bundle,Designing Purpose-Built Drones for Ardupilot Pixhawk 2.1,Ty Audronis
Ultimate Robotics Build Your Own Bundle,Robotics at Home with Raspberry Pi Pico,Danny Staple
Ultimate Robotics Build Your Own Bundle,Practical Arduino Robotics,Lukas Kaul
Ultimate Robotics Build Your Own Bundle,Design Innovative Robots with LEGO SPIKE Prime,Aaron Maurer
Ultimate Robotics Build Your Own Bundle,Robotic Process Automation Projects,"Nandan Mullakara, Arun Kumar Asokan"
Ultimate Robotics Build Your Own Bundle,Learning Robotic Process Automation,Alok Mani Tripathi
Ultimate Robotics Build Your Own Bundle,Robotic Process Automation with Blue Prism Quick Start Guide,Lim Mei Ying
Ultimate Robotics Build Your Own Bundle,Robotic Process Automation with Automation Anywhere,Husan Mahey
Ultimate Robotics Build Your Own Bundle,Democratizing RPA with Power Automate Desktop,Peter Krause
Ultimate Robotics Build Your Own Bundle,Data Cleaning and Exploration with Machine Learning,Michael Walker
Ultimate Robotics Build Your Own Bundle,Diving into Secure Access Service Edge,"Jeremiah , David H. Brown"
Ultimate Robotics Build Your Own Bundle,Building and Delivering Microservices on AWS,"Amar Deep Singh, Jeff Carpenter"
Ultimate Robotics Build Your Own Bundle,Azure for Developers - Second Edition,Kamil Mrzyg?�d
Ultimate Robotics Build Your Own Bundle,Mastering Information Security Compliance Management,"Adarsh Nair, Greeshma M. R."
High Performance Programming Bundle,C++ High Performance - Second Edition,"Björn Andrist, Viktor Sehr"
High Performance Programming Bundle,The Art of Writing Efficient Programs,Fedor G. Pikus
High Performance Programming Bundle,"LLVM Techniques, Tips, and Best Practices Clang and Middle-End Libraries",Min-Yih Hsu
High Performance Programming Bundle,Julia High Performance - Second Edition,Avik Sengupta
High Performance Programming Bundle,Rust High Performance,Iban Eguia Moraza
High Performance Programming Bundle,Hands-On High Performance with Go,Bob Strecansky
High Performance Programming Bundle,Delphi High Performance - Second Edition,Primo� Gabrijel?i?
High Performance Programming Bundle,High-Performance Programming in C# and .NET,Jason Alls
Object Orientated Programming Bundle,Python Object-Oriented Programming - Fourth Edition,"Steven F. Lott, Dusty Phillips"
Object Orientated Programming Bundle,Clean Code in Python - Second Edition,Mariano Anaya
Object Orientated Programming Bundle,Python 3 Object-Oriented Programming - Third Edition,Dusty Phillips
Object Orientated Programming Bundle,Advanced Python Programming - Second Edition,Quan Nguyen
Object Orientated Programming Bundle,Learn Java 17 Programming - Second Edition,Nick Samoylov
Object Orientated Programming Bundle,Deciphering Object-Oriented Programming with C++,Dorothy R. Kirk
Object Orientated Programming Bundle,Mastering Object-Oriented Python - Second Edition,Steven F. Lott
Java Programming Bundle,Building Microservices with Micronaut,"Nirmal Singh, Zack Dawood"
Java Programming Bundle,Android Studio 4.2 Development Essentials - Java Edition,Neil Smyth
Java Programming Bundle,Learning Java by Building Android Games - Second Edition,John Horton
Java Programming Bundle,Android Studio 4.0 Development Essentials - Java Edition,Neil Smyth
Java Programming Bundle,The Complete Coding Interview Guide in Java,Anghel Leonard
Java Programming Bundle,Jakarta EE Cookbook - Second Edition,Elder Moraes
Java Programming Bundle,Android Studio 4.2 Development Essentials - Kotlin Edition,Neil Smyth
Java Programming Bundle,Learning RxJava - Second Edition,"Nick Samoylov, Thomas Nield"
Java Programming Bundle,Full Stack Development with JHipster,"Deepu K Sasidharan, Sendil Kumar N, Matt Raible"
Java Programming Bundle,Learn Java 12 Programming,Nick Samoylov
Java Programming Bundle,Hands-On Design Patterns with Java,Dr. Edward Lavieri
Javascript Bundle 4 Th Edition,JavaScript from Beginner to Professional,"Laurence Lars Svekis, Maaike van Putten, Codestars By Rob Percival"
Javascript Bundle 4 Th Edition,Clean Code in JavaScript,James Padolsey
Javascript Bundle 4 Th Edition,Essential Cryptography for JavaScript Developers,Alessandro Segala
Javascript Bundle 4 Th Edition,JavaScript from Frontend to Backend,Eric Sarrion
Javascript Bundle 4 Th Edition,Building Your Own JavaScript Framework,"Vlad Filippov, Mike Taylor"
Javascript Bundle 4 Th Edition,Mastering JavaScript Functional Programming - Third Edition,Federico Kereki
Mobile App Development Bundle 3 Rd Edition,Android UI Development with Jetpack Compose,Thomas Künneth
Mobile App Development Bundle 3 Rd Edition,iOS 16 Programming for Beginners,Ahmad Sahar
Mobile App Development Bundle 3 Rd Edition,Test-Driven iOS Development with Swift,Dr. Dominik Hauser
Mobile App Development Bundle 3 Rd Edition,.NET MAUI Cross-Platform Application Development,Roger Ye
Mobile App Development Bundle 3 Rd Edition,Professional React Native,Alexander Benedikt Kuttig
Mobile App Development Bundle 3 Rd Edition,Simplifying State Management in React Native,Aleksandra Desmurs-Linczewska
Mobile App Development Bundle 3 Rd Edition,Simplifying Application Development with Kotlin Multiplatform Mobile,Róbert Nagy
Mobile App Development Bundle 3 Rd Edition,Kickstart Modern Android Development with Jetpack and Kotlin,Catalin Ghita
Mobile App Development Bundle 3 Rd Edition,Simplifying Android Development with Coroutines and Flows,Jomar Tigcal
Mobile App Development Bundle 3 Rd Edition,Clean Android Architecture,Alexandru Dumbravan
Mobile App Development Bundle 3 Rd Edition,Cross-Platform UIs with Flutter,Ryan Edge
Creative Animation And Design Bundle,3D Environment Design with Blender,"Abdelilah Hamdani, Carlos Barreto"
Creative Animation And Design Bundle,Adobe Animate 2022 for Creative Professionals - Second Edition,Joseph Labrecque
Creative Animation And Design Bundle,Adobe Illustrator for Creative Professionals,Clint Balsar
Creative Animation And Design Bundle,Learn Blender Simulations the Right Way,Stephen Pearson
Creative Animation And Design Bundle,Mastering Adobe Animate 2023 - Third Edition,Joseph Labrecque
Creative Animation And Design Bundle,Real-Time Animation with Adobe Character Animator,Chad Troftgruben
Creative Animation And Design Bundle,Reimagining Characters with Unreal Engine's MetaHuman Creator,"Brian Rossney, Ciaran Kavanagh"
Creative Animation And Design Bundle,Squeaky Clean Topology in Blender,Michael Steppig
Creative Animation And Design Bundle,UI Animations with Lottie and After Effects,"Mireia Alegre Ruiz, Emilio Rodriguez Martinez"
Creative Animation And Design Bundle,Draw and Paint Better with Krita,Wesley Gardner
Creative Animation And Design Bundle,Get Set Procreate 5,Samadrita Ghosh
Creative Animation And Design Bundle,Inkscape by Example,István Szép
Creative Animation And Design Bundle,Mastering Adobe Photoshop Elements 2023 - Fifth Edition,Robin Nichols
Creative Animation And Design Bundle,The Photographer's Guide to Adobe Lightroom,Marcin Lewandowski
Creative Animation And Design Bundle,Realistic Asset Creation with Adobe Substance 3D,Zeeshan Jawed Shah
Creative Animation And Design Bundle,Designing and Prototyping Interfaces with Figma,Fabio Staiano
Creative Animation And Design Bundle,Filmora Efficient Editing,Alexander Zacharias
Creative Animation And Design Bundle,Design Better and Build Your Brand in Canva,"Laura Goodsell, Janine Friston, Heather Palfreyman"
